BillAmount,Consumption,BillMonth,BillYear,DaysInBillingCycle,AverageDailyConsumption,MeterType,NumberOfAirConditioners,AirConditionerUsageHours,AirConditionerType,NumberOfLights,LightType,LightUsageHours,OtherMajorAppliances_Count,ApplianceUsage_Encoded,HouseholdSize,HomeType_Encoded,AverageConsumptionLast3Months,AverageBillAmountLast3Months,ConsumptionTrend,SeasonalConsumptionPattern,Label
142.3,295.6,3,2023,30,9.8,Electricity,2,7.1,Split,11,LED,6.0,2,2,3,Apartment,290.0,138.0,Stable,Typical,True
138.7,285.4,4,2023,30,9.5,Electricity,2,6.8,Split,10,LED,5.9,2,2,3,Apartment,280.0,135.0,Stable,Typical,False
145.2,305.0,5,2023,30,10.2,Electricity,2,7.5,Split,11,LED,6.1,2,2,3,Apartment,295.0,142.0,Increasing,Typical,True
130.0,270.0,6,2023,30,9.0,Electricity,2,6.5,Split,10,LED,5.8,2,2,3,Apartment,275.0,130.0,Stable,Typical,False
150.0,315.0,7,2023,30,10.5,Electricity,2,7.8,Split,11,LED,6.2,2,2,3,Apartment,305.0,145.0,Increasing,HigherThanUsual,True
135.5,280.0,8,2023,30,9.3,Electricity,2,6.7,Split,10,LED,5.7,2,2,3,Apartment,270.0,132.0,Stable,Typical,False
148.9,310.0,9,2023,30,10.3,Electricity,2,7.6,Split,11,LED,6.3,2,2,3,Apartment,300.0,143.0,Increasing,Typical,True
128.0,265.0,10,2023,30,8.8,Electricity,2,6.3,Split,10,LED,5.6,2,2,3,Apartment,260.0,128.0,Stable,LowerThanUsual,False
152.0,320.0,11,2023,30,10.7,Electricity,2,8.0,Split,11,LED,6.4,2,2,3,Apartment,310.0,147.0,Increasing,HigherThanUsual,True
133.0,275.0,12,2023,30,9.2,Electricity,2,6.6,Split,10,LED,5.9,2,2,3,Apartment,265.0,130.0,Stable,Typical,False
148.9,310.0,9,2023,30,10.3,Electricity,2,7.6,Split,11,LED,6.3,2,2,3,Apartment,300.0,143.0,Increasing,Typical,True
128.0,265.0,10,2023,30,8.8,Electricity,2,6.3,Split,10,LED,5.6,2,2,3,Apartment,260.0,128.0,Stable,LowerThanUsual,False
152.0,320.0,11,2023,30,10.7,Electricity,2,8.0,Split,11,LED,6.4,2,2,3,Apartment,310.0,147.0,Increasing,HigherThanUsual,True
133.0,275.0,12,2023,30,9.2,Electricity,2,6.6,Split,10,LED,5.9,2,2,3,Apartment,265.0,130.0,Stable,Typical,False
141.5,290.0,1,2024,30,9.7,Electricity,2,7.0,Split,11,LED,6.0,2,2,3,Apartment,285.0,137.0,Increasing,Typical,True
137.0,280.0,2,2024,30,9.4,Electricity,2,6.9,Split,10,LED,5.8,2,2,3,Apartment,275.0,134.0,Stable,Typical,False
144.0,300.0,3,2024,30,10.0,Electricity,2,7.4,Split,11,LED,6.1,2,2,3,Apartment,290.0,141.0,Increasing,Typical,True
129.0,268.0,4,2024,30,8.9,Electricity,2,6.4,Split,10,LED,5.7,2,2,3,Apartment,262.0,129.0,Stable,LowerThanUsual,False
151.0,318.0,5,2024,30,10.6,Electricity,2,7.9,Split,11,LED,6.3,2,2,3,Apartment,308.0,146.0,Increasing,HigherThanUsual,True
136.0,278.0,6,2024,30,9.3,Electricity,2,6.7,Split,10,LED,5.7,2,2,3,Apartment,272.0,133.0,Stable,Typical,False
149.0,312.0,7,2024,30,10.4,Electricity,2,7.7,Split,11,LED,6.3,2,2,3,Apartment,302.0,144.0,Increasing,Typical,True
127.0,263.0,8,2024,30,8.8,Electricity,2,6.2,Split,10,LED,5.6,2,2,3,Apartment,258.0,127.0,Stable,LowerThanUsual,False
153.0,322.0,9,2024,30,10.7,Electricity,2,8.1,Split,11,LED,6.4,2,2,3,Apartment,312.0,148.0,Increasing,HigherThanUsual,True
132.0,273.0,10,2024,30,9.1,Electricity,2,6.5,Split,10,LED,5.8,2,2,3,Apartment,263.0,129.0,Stable,Typical,False
140.0,288.0,11,2024,30,9.6,Electricity,2,6.9,Split,11,LED,6.0,2,2,3,Apartment,283.0,136.0,Increasing,Typical,True
139.0,286.0,12,2024,30,9.5,Electricity,2,6.8,Split,10,LED,5.9,2,2,3,Apartment,278.0,135.0,Stable,Typical,False
146.0,306.0,1,2025,30,10.2,Electricity,2,7.6,Split,11,LED,6.1,2,2,3,Apartment,296.0,143.0,Increasing,Typical,True
131.0,272.0,2,2025,30,9.1,Electricity,2,6.6,Split,10,LED,5.7,2,2,3,Apartment,267.0,131.0,Stable,Typical,False
151.5,317.0,3,2025,30,10.6,Electricity,2,7.9,Split,11,LED,6.3,2,2,3,Apartment,307.0,147.0,Increasing,HigherThanUsual,True
135.8,279.0,4,2025,30,9.3,Electricity,2,6.7,Split,10,LED,5.8,2,2,3,Apartment,273.0,132.0,Stable,Typical,False
148.5,309.0,5,2025,30,10.3,Electricity,2,7.6,Split,11,LED,6.3,2,2,3,Apartment,299.0,142.0,Increasing,Typical,True
128.5,266.0,6,2025,30,8.9,Electricity,2,6.3,Split,10,LED,5.6,2,2,3,Apartment,261.0,128.0,Stable,LowerThanUsual,False
152.5,321.0,7,2025,30,10.7,Electricity,2,8.0,Split,11,LED,6.4,2,2,3,Apartment,311.0,148.0,Increasing,HigherThanUsual,True
133.5,276.0,8,2025,30,9.2,Electricity,2,6.6,Split,10,LED,5.9,2,2,3,Apartment,266.0,131.0,Stable,Typical,False
141.0,289.0,9,2025,30,9.6,Electricity,2,7.0,Split,11,LED,6.0,2,2,3,Apartment,284.0,137.0,Increasing,Typical,True
137.5,281.0,10,2025,30,9.4,Electricity,2,6.8,Split,10,LED,5.8,2,2,3,Apartment,276.0,135.0,Stable,Typical,False
145.5,304.0,11,2025,30,10.1,Electricity,2,7.5,Split,11,LED,6.1,2,2,3,Apartment,294.0,142.0,Increasing,Typical,True
130.5,271.0,12,2025,30,9.0,Electricity,2,6.5,Split,10,LED,5.7,2,2,3,Apartment,265.0,130.0,Stable,Typical,False
150.5,316.0,1,2026,30,10.5,Electricity,2,7.8,Split,11,LED,6.2,2,2,3,Apartment,306.0,146.0,Increasing,HigherThanUsual,True
135.0,277.0,2,2026,30,9.2,Electricity,2,6.7,Split,10,LED,5.7,2,2,3,Apartment,271.0,132.0,Stable,Typical,False
149.5,311.0,3,2026,30,10.4,Electricity,2,7.7,Split,11,LED,6.3,2,2,3,Apartment,301.0,143.0,Increasing,Typical,True
128.2,264.0,4,2026,30,8.8,Electricity,2,6.3,Split,10,LED,5.6,2,2,3,Apartment,259.0,127.0,Stable,LowerThanUsual,False
152.2,320.0,5,2026,30,10.7,Electricity,2,8.0,Split,11,LED,6.4,2,2,3,Apartment,310.0,147.0,Increasing,HigherThanUsual,True
132.5,274.0,6,2026,30,9.1,Electricity,2,6.5,Split,10,LED,5.8,2,2,3,Apartment,264.0,129.0,Stable,Typical,False
140.5,287.0,7,2026,30,9.6,Electricity,2,6.9,Split,11,LED,6.0,2,2,3,Apartment,282.0,136.0,Increasing,Typical,True
138.0,283.0,8,2026,30,9.4,Electricity,2,6.8,Split,10,LED,5.9,2,2,3,Apartment,277.0,134.0,Stable,Typical,False
146.5,307.0,9,2026,30,10.2,Electricity,2,7.6,Split,11,LED,6.1,2,2,3,Apartment,297.0,144.0,Increasing,Typical,True
131.2,273.0,10,2026,30,9.1,Electricity,2,6.6,Split,10,LED,5.7,2,2,3,Apartment,268.0,131.0,Stable,Typical,False
151.2,319.0,11,2026,30,10.6,Electricity,2,7.9,Split,11,LED,6.3,2,2,3,Apartment,309.0,148.0,Increasing,HigherThanUsual,True
135.7,279.0,12,2026,30,9.3,Electricity,2,6.7,Split,10,LED,5.8,2,2,3,Apartment,274.0,133.0,Stable,Typical,False
148.7,308.0,1,2023,30,10.3,Electricity,2,7.6,Split,11,LED,6.3,2,2,3,Apartment,298.0,142.0,Increasing,Typical,True
128.7,265.0,2,2023,30,8.8,Electricity,2,6.3,Split,10,LED,5.6,2,2,3,Apartment,260.0,128.0,Stable,LowerThanUsual,False
152.7,322.0,3,2023,30,10.7,Electricity,2,8.0,Split,11,LED,6.4,2,2,3,Apartment,312.0,148.0,Increasing,HigherThanUsual,True
133.2,275.0,4,2023,30,9.2,Electricity,2,6.6,Split,10,LED,5.9,2,2,3,Apartment,265.0,130.0,Stable,Typical,False
141.2,291.0,5,2023,30,9.7,Electricity,2,7.0,Split,11,LED,6.0,2,2,3,Apartment,286.0,138.0,Increasing,Typical,True
137.7,282.0,6,2023,30,9.4,Electricity,2,6.8,Split,10,LED,5.8,2,2,3,Apartment,276.0,135.0,Stable,Typical,False
145.7,303.0,7,2023,30,10.1,Electricity,2,7.5,Split,11,LED,6.1,2,2,3,Apartment,293.0,142.0,Increasing,Typical,True
130.2,270.0,8,2023,30,9.0,Electricity,2,6.5,Split,10,LED,5.7,2,2,3,Apartment,264.0,130.0,Stable,Typical,False
150.7,315.0,9,2023,30,10.5,Electricity,2,7.8,Split,11,LED,6.2,2,2,3,Apartment,305.0,146.0,Increasing,HigherThanUsual,True
135.2,278.0,10,2023,30,9.3,Electricity,2,6.7,Split,10,LED,5.7,2,2,3,Apartment,272.0,132.0,Stable,Typical,False
149.2,310.0,11,2023,30,10.3,Electricity,2,7.7,Split,11,LED,6.3,2,2,3,Apartment,300.0,143.0,Increasing,Typical,True
128.3,265.0,12,2023,30,8.8,Electricity,2,6.3,Split,10,LED,5.6,2,2,3,Apartment,260.0,128.0,Stable,LowerThanUsual,False
152.3,321.0,1,2024,30,10.7,Electricity,2,8.0,Split,11,LED,6.4,2,2,3,Apartment,311.0,148.0,Increasing,HigherThanUsual,True
132.7,274.0,2,2024,30,9.1,Electricity,2,6.5,Split,10,LED,5.8,2,2,3,Apartment,264.0,129.0,Stable,Typical,False
140.7,288.0,3,2024,30,9.6,Electricity,2,6.9,Split,11,LED,6.0,2,2,3,Apartment,283.0,136.0,Increasing,Typical,True
138.2,284.0,4,2024,30,9.5,Electricity,2,6.8,Split,10,LED,5.9,2,2,3,Apartment,278.0,135.0,Stable,Typical,False
146.7,307.0,5,2024,30,10.2,Electricity,2,7.6,Split,11,LED,6.1,2,2,3,Apartment,297.0,144.0,Increasing,Typical,True
131.4,273.0,6,2024,30,9.1,Electricity,2,6.6,Split,10,LED,5.7,2,2,3,Apartment,268.0,131.0,Stable,Typical,False
151.4,319.0,7,2024,30,10.6,Electricity,2,7.9,Split,11,LED,6.3,2,2,3,Apartment,309.0,148.0,Increasing,HigherThanUsual,True
135.9,279.0,8,2024,30,9.3,Electricity,2,6.7,Split,10,LED,5.8,2,2,3,Apartment,274.0,133.0,Stable,Typical,False
148.8,309.0,9,2024,30,10.3,Electricity,2,7.6,Split,11,LED,6.3,2,2,3,Apartment,299.0,142.0,Increasing,Typical,True
128.8,266.0,10,2024,30,8.9,Electricity,2,6.3,Split,10,LED,5.6,2,2,3,Apartment,261.0,128.0,Stable,LowerThanUsual,False
152.8,323.0,11,2024,30,10.8,Electricity,2,8.0,Split,11,LED,6.4,2,2,3,Apartment,313.0,149.0,Increasing,HigherThanUsual,True
133.3,276.0,12,2024,30,9.2,Electricity,2,6.6,Split,10,LED,5.9,2,2,3,Apartment,266.0,131.0,Stable,Typical,False
141.3,292.0,1,2025,30,9.7,Electricity,2,7.0,Split,11,LED,6.0,2,2,3,Apartment,287.0,138.0,Increasing,Typical,True
137.8,283.0,2,2025,30,9.4,Electricity,2,6.8,Split,10,LED,5.8,2,2,3,Apartment,277.0,135.0,Stable,Typical,False
145.8,304.0,3,2025,30,10.1,Electricity,2,7.5,Split,11,LED,6.1,2,2,3,Apartment,294.0,142.0,Increasing,Typical,True
130.3,271.0,4,2025,30,9.0,Electricity,2,6.5,Split,10,LED,5.7,2,2,3,Apartment,265.0,130.0,Stable,Typical,False
150.8,316.0,5,2025,30,10.5,Electricity,2,7.8,Split,11,LED,6.2,2,2,3,Apartment,306.0,146.0,Increasing,HigherThanUsual,True
135.3,278.0,6,2025,30,9.3,Electricity,2,6.7,Split,10,LED,5.7,2,2,3,Apartment,272.0,132.0,Stable,Typical,False
149.3,311.0,7,2025,30,10.4,Electricity,2,7.7,Split,11,LED,6.3,2,2,3,Apartment,301.0,143.0,Increasing,Typical,True
128.4,265.0,8,2025,30,8.8,Electricity,2,6.3,Split,10,LED,5.6,2,2,3,Apartment,260.0,128.0,Stable,LowerThanUsual,False
152.4,322.0,9,2025,30,10.7,Electricity,2,8.0,Split,11,LED,6.4,2,2,3,Apartment,312.0,148.0,Increasing,HigherThanUsual,True
132.8,275.0,10,2025,30,9.2,Electricity,2,6.5,Split,10,LED,5.8,2,2,3,Apartment,265.0,129.0,Stable,Typical,False
140.8,289.0,11,2025,30,9.6,Electricity,2,6.9,Split,11,LED,6.0,2,2,3,Apartment,284.0,136.0,Increasing,Typical,True
138.3,285.0,12,2025,30,9.5,Electricity,2,6.8,Split,10,LED,5.9,2,2,3,Apartment,279.0,135.0,Stable,Typical,False
146.8,308.0,1,2026,30,10.3,Electricity,2,7.6,Split,11,LED,6.1,2,2,3,Apartment,298.0,144.0,Increasing,Typical,True
131.5,274.0,2,2026,30,9.1,Electricity,2,6.6,Split,10,LED,5.7,2,2,3,Apartment,269.0,131.0,Stable,Typical,False
151.6,320.0,3,2026,30,10.7,Electricity,2,7.9,Split,11,LED,6.3,2,2,3,Apartment,310.0,148.0,Increasing,HigherThanUsual,True
136.1,279.0,4,2026,30,9.3,Electricity,2,6.7,Split,10,LED,5.8,2,2,3,Apartment,274.0,133.0,Stable,Typical,False
148.9,309.0,5,2026,30,10.3,Electricity,2,7.6,Split,11,LED,6.3,2,2,3,Apartment,299.0,142.0,Increasing,Typical,True
128.9,266.0,6,2026,30,8.9,Electricity,2,6.3,Split,10,LED,5.6,2,2,3,Apartment,261.0,128.0,Stable,LowerThanUsual,False
152.9,323.0,7,2026,30,10.8,Electricity,2,8.0,Split,11,LED,6.4,2,2,3,Apartment,313.0,149.0,Increasing,HigherThanUsual,True
133.4,276.0,8,2026,30,9.2,Electricity,2,6.6,Split,10,LED,5.9,2,2,3,Apartment,266.0,131.0,Stable,Typical,False
141.4,292.0,9,2026,30,9.7,Electricity,2,7.0,Split,11,LED,6.0,2,2,3,Apartment,287.0,138.0,Increasing,Typical,True
137.9,284.0,10,2026,30,9.5,Electricity,2,6.8,Split,10,LED,5.8,2,2,3,Apartment,278.0,135.0,Stable,Typical,False
145.9,305.0,11,2026,30,10.2,Electricity,2,7.6,Split,11,LED,6.1,2,2,3,Apartment,295.0,142.0,Increasing,Typical,True
132.0,275.0,12,2026,30,9.2,Electricity,2,6.6,Split,10,LED,5.8,2,2,3,Apartment,267.0,131.0,Stable,Typical,False
151.8,322.0,1,2023,30,10.7,Electricity,2,7.9,Split,11,LED,6.3,2,2,3,Apartment,312.0,148.0,Increasing,HigherThanUsual,True
136.3,280.0,2,2023,30,9.3,Electricity,2,6.7,Split,10,LED,5.8,2,2,3,Apartment,275.0,133.0,Stable,Typical,False
149.1,311.0,3,2023,30,10.4,Electricity,2,7.7,Split,11,LED,6.3,2,2,3,Apartment,301.0,143.0,Increasing,Typical,True
128.7,267.0,4,2023,30,8.9,Electricity,2,6.3,Split,10,LED,5.6,2,2,3,Apartment,262.0,128.0,Stable,LowerThanUsual,False
153.2,325.0,5,2023,30,10.8,Electricity,2,8.0,Split,11,LED,6.4,2,2,3,Apartment,315.0,149.0,Increasing,HigherThanUsual,True
133.6,277.0,6,2023,30,9.2,Electricity,2,6.6,Split,10,LED,5.9,2,2,3,Apartment,267.0,131.0,Stable,Typical,False
141.6,292.0,7,2023,30,9.7,Electricity,2,7.0,Split,11,LED,6.0,2,2,3,Apartment,287.0,138.0,Increasing,Typical,True
138.1,286.0,8,2023,30,9.5,Electricity,2,6.8,Split,10,LED,5.8,2,2,3,Apartment,280.0,135.0,Stable,Typical,False
147.1,310.0,9,2023,30,10.3,Electricity,2,7.6,Split,11,LED,6.1,2,2,3,Apartment,300.0,144.0,Increasing,Typical,True
131.8,276.0,10,2023,30,9.2,Electricity,2,6.6,Split,10,LED,5.7,2,2,3,Apartment,271.0,131.0,Stable,Typical,False
151.9,323.0,11,2023,30,10.8,Electricity,2,7.9,Split,11,LED,6.3,2,2,3,Apartment,313.0,148.0,Increasing,HigherThanUsual,True
136.4,281.0,12,2023,30,9.4,Electricity,2,6.7,Split,10,LED,5.8,2,2,3,Apartment,276.0,133.0,Stable,Typical,False
165.0,330.0,1,2025,30,11.0,Electricity,2,7.0,Split,11,LED,6.0,3,2,4,Apartment,310.0,155.0,Increasing,Typical,True
88.0,165.0,2,2025,28,5.9,Electricity,1,4.0,Window,8,LED,5.0,2,1,2,Apartment,155.0,77.5,Stable,Typical,False
300.0,640.0,3,2025,31,20.6,Electricity,3,13.0,Split,16,LED,9.0,4,3,5,Villa,600.0,300.0,Increasing,HigherThanUsual,True
57.0,115.0,3,2025,31,3.7,Electricity,1,2.0,Window,7,CFL,4.0,1,1,1,Apartment,110.0,55.0,Decreasing,LowerThanUsual,False
150.0,300.0,4,2025,30,10.0,Electricity,2,6.0,Split,12,LED,7.0,2,2,3,Townhouse,290.0,145.0,Stable,Typical,False
360.0,720.0,4,2025,30,24.0,Electricity,4,11.0,Central,20,LED,10.0,5,3,6,Villa,690.0,345.0,Increasing,HigherThanUsual,True
105.0,210.0,5,2025,31,6.8,Electricity,1,5.0,Split,10,LED,6.0,2,1,3,Apartment,200.0,100.0,Stable,Typical,False
210.0,460.0,5,2025,31,14.8,Electricity,2,9.0,Window,12,CFL,7.0,3,2,4,Townhouse,440.0,220.0,Stable,HigherThanUsual,True
45.0,90.0,6,2025,30,3.0,Electricity,0,0.0,None,6,LED,4.0,1,1,2,Apartment,85.0,42.5,Decreasing,LowerThanUsual,False
265.0,570.0,6,2025,30,19.0,Electricity,3,10.0,Split,14,LED,8.0,4,3,5,Villa,540.0,270.0,Increasing,Typical,True
185.0,370.0,7,2025,31,11.9,Electricity,2,8.0,Split,11,LED,6.0,3,2,4,Apartment,350.0,175.0,Increasing,Typical,True
90.0,180.0,7,2025,31,5.8,Electricity,1,4.0,Window,8,LED,5.0,2,1,2,Apartment,170.0,85.0,Stable,Typical,False
310.0,660.0,8,2025,31,21.3,Electricity,3,13.0,Split,16,LED,9.0,4,3,5,Villa,620.0,310.0,Increasing,HigherThanUsual,True
55.0,110.0,8,2025,31,3.5,Electricity,1,2.0,Window,7,CFL,4.0,1,1,1,Apartment,105.0,52.5,Decreasing,LowerThanUsual,False
155.0,310.0,9,2025,30,10.3,Electricity,2,6.0,Split,12,LED,7.0,2,2,3,Townhouse,300.0,150.0,Stable,Typical,False
370.0,740.0,9,2025,30,24.7,Electricity,4,11.0,Central,20,LED,10.0,5,3,6,Villa,710.0,355.0,Increasing,HigherThanUsual,True
110.0,220.0,10,2025,31,7.1,Electricity,1,5.0,Split,10,LED,6.0,2,1,3,Apartment,210.0,105.0,Stable,Typical,False
215.0,470.0,10,2025,31,15.2,Electricity,2,9.0,Window,12,CFL,7.0,3,2,4,Townhouse,450.0,225.0,Stable,HigherThanUsual,True
42.0,85.0,11,2025,30,2.8,Electricity,0,0.0,None,6,LED,4.0,1,1,2,Apartment,80.0,40.0,Decreasing,LowerThanUsual,False
270.0,580.0,11,2025,30,19.3,Electricity,3,10.0,Split,14,LED,8.0,4,3,5,Villa,550.0,275.0,Increasing,Typical,True
195.0,390.0,12,2025,31,12.6,Electricity,2,8.0,Split,11,LED,6.0,3,2,4,Apartment,370.0,185.0,Increasing,Typical,True
95.0,190.0,12,2025,31,6.1,Electricity,1,4.0,Window,8,LED,5.0,2,1,2,Apartment,180.0,90.0,Stable,Typical,False
315.0,670.0,1,2026,31,21.6,Electricity,3,13.0,Split,16,LED,9.0,4,3,5,Villa,630.0,315.0,Increasing,HigherThanUsual,True
50.0,100.0,1,2026,31,3.2,Electricity,1,2.0,Window,7,CFL,4.0,1,1,1,Apartment,95.0,47.5,Decreasing,LowerThanUsual,False
160.0,320.0,2,2026,28,11.4,Electricity,2,6.0,Split,12,LED,7.0,2,2,3,Townhouse,310.0,155.0,Stable,Typical,False
380.0,760.0,2,2026,28,27.1,Electricity,4,11.0,Central,20,LED,10.0,5,3,6,Villa,730.0,365.0,Increasing,HigherThanUsual,True
115.0,230.0,3,2026,31,7.4,Electricity,1,5.0,Split,10,LED,6.0,2,1,3,Apartment,220.0,110.0,Stable,Typical,False
220.0,480.0,3,2026,31,15.5,Electricity,2,9.0,Window,12,CFL,7.0,3,2,4,Townhouse,460.0,230.0,Stable,HigherThanUsual,True
40.0,80.0,4,2026,30,2.7,Electricity,0,0.0,None,6,LED,4.0,1,1,2,Apartment,75.0,37.5,Decreasing,LowerThanUsual,False
275.0,590.0,4,2026,30,19.7,Electricity,3,10.0,Split,14,LED,8.0,4,3,5,Villa,560.0,280.0,Increasing,Typical,True
165.0,330.0,5,2026,31,10.6,Electricity,2,7.0,Split,11,LED,6.0,3,2,4,Apartment,310.0,155.0,Stable,Typical,True
82.0,160.0,5,2026,31,5.2,Electricity,1,3.0,Window,8,LED,5.0,2,1,2,Apartment,150.0,75.0,Stable,Typical,False
290.0,620.0,6,2026,30,20.7,Electricity,3,12.0,Split,16,LED,9.0,4,3,5,Villa,580.0,290.0,Increasing,HigherThanUsual,True
68.0,135.0,6,2026,30,4.5,Electricity,1,2.0,Window,7,CFL,4.0,1,1,1,Apartment,130.0,65.0,Decreasing,LowerThanUsual,False
135.0,270.0,7,2026,31,8.7,Electricity,2,6.0,Split,12,LED,7.0,2,2,3,Townhouse,260.0,130.0,Stable,Typical,False
330.0,660.0,7,2026,31,21.3,Electricity,4,10.0,Central,20,LED,10.0,5,3,6,Villa,630.0,315.0,Increasing,HigherThanUsual,True
92.0,185.0,8,2026,31,6.0,Electricity,1,5.0,Split,10,LED,6.0,2,1,3,Apartment,175.0,87.5,Stable,Typical,False
210.0,460.0,8,2026,31,14.8,Electricity,2,9.0,Window,12,CFL,7.0,3,2,4,Townhouse,440.0,220.0,Stable,HigherThanUsual,True
47.0,90.0,9,2026,30,3.0,Electricity,0,0.0,None,6,LED,4.0,1,1,2,Apartment,85.0,42.5,Decreasing,LowerThanUsual,False
280.0,600.0,9,2026,30,20.0,Electricity,3,10.0,Split,14,LED,8.0,4,3,5,Villa,570.0,285.0,Increasing,Typical,True
190.0,380.0,10,2026,31,12.3,Electricity,2,8.0,Split,11,LED,6.0,3,2,4,Apartment,360.0,180.0,Increasing,Typical,True
98.0,195.0,10,2026,31,6.3,Electricity,1,4.0,Window,8,LED,5.0,2,1,2,Apartment,185.0,92.5,Stable,Typical,False
320.0,680.0,11,2026,30,22.7,Electricity,3,13.0,Split,16,LED,9.0,4,3,5,Villa,640.0,320.0,Increasing,HigherThanUsual,True
53.0,105.0,11,2026,30,3.5,Electricity,1,2.0,Window,7,CFL,4.0,1,1,1,Apartment,100.0,50.0,Decreasing,LowerThanUsual,False
150.0,300.0,12,2026,31,9.7,Electricity,2,6.0,Split,12,LED,7.0,2,2,3,Townhouse,290.0,145.0,Stable,Typical,False
390.0,780.0,12,2026,31,25.2,Electricity,4,11.0,Central,20,LED,10.0,5,3,6,Villa,750.0,375.0,Increasing,HigherThanUsual,True
142.3,295.6,3,2023,30,9.8,Electricity,2,7.1,Split,11,LED,6.0,2,2,3,Apartment,290.0,138.0,Stable,Typical,True
138.7,285.4,4,2023,30,9.5,Electricity,2,6.8,Split,10,LED,5.9,2,2,3,Apartment,280.0,135.0,Stable,Typical,False
145.2,305.0,5,2023,30,10.2,Electricity,2,7.5,Split,11,LED,6.1,2,2,3,Apartment,295.0,142.0,Increasing,Typical,True
130.0,270.0,6,2023,30,9.0,Electricity,2,6.5,Split,10,LED,5.8,2,2,3,Apartment,275.0,130.0,Stable,Typical,False
150.0,315.0,7,2023,30,10.5,Electricity,2,7.8,Split,11,LED,6.2,2,2,3,Apartment,305.0,145.0,Increasing,HigherThanUsual,True
135.5,280.0,8,2023,30,9.3,Electricity,2,6.7,Split,10,LED,5.7,2,2,3,Apartment,270.0,132.0,Stable,Typical,False
148.9,310.0,9,2023,30,10.3,Electricity,2,7.6,Split,11,LED,6.3,2,2,3,Apartment,300.0,143.0,Increasing,Typical,True
128.0,265.0,10,2023,30,8.8,Electricity,2,6.3,Split,10,LED,5.6,2,2,3,Apartment,260.0,128.0,Stable,LowerThanUsual,False
152.0,320.0,11,2023,30,10.7,Electricity,2,8.0,Split,11,LED,6.4,2,2,3,Apartment,310.0,147.0,Increasing,HigherThanUsual,True
133.0,275.0,12,2023,30,9.2,Electricity,2,6.6,Split,10,LED,5.9,2,2,3,Apartment,265.0,130.0,Stable,Typical,False
141.5,290.0,1,2024,30,9.7,Electricity,2,7.0,Split,11,LED,6.0,2,2,3,Apartment,285.0,137.0,Increasing,Typical,True
137.0,280.0,2,2024,30,9.4,Electricity,2,6.9,Split,10,LED,5.8,2,2,3,Apartment,275.0,134.0,Stable,Typical,False
144.0,300.0,3,2024,30,10.0,Electricity,2,7.4,Split,11,LED,6.1,2,2,3,Apartment,290.0,141.0,Increasing,Typical,True
129.0,268.0,4,2024,30,8.9,Electricity,2,6.4,Split,10,LED,5.7,2,2,3,Apartment,262.0,129.0,Stable,LowerThanUsual,False
151.0,318.0,5,2024,30,10.6,Electricity,2,7.9,Split,11,LED,6.3,2,2,3,Apartment,308.0,146.0,Increasing,HigherThanUsual,True
136.0,278.0,6,2024,30,9.3,Electricity,2,6.7,Split,10,LED,5.7,2,2,3,Apartment,272.0,132.0,Stable,Typical,False
149.0,312.0,7,2024,30,10.4,Electricity,2,7.7,Split,11,LED,6.3,2,2,3,Apartment,302.0,144.0,Increasing,Typical,True
127.0,263.0,8,2024,30,8.8,Electricity,2,6.2,Split,10,LED,5.6,2,2,3,Apartment,258.0,127.0,Stable,LowerThanUsual,False
153.0,322.0,9,2024,30,10.7,Electricity,2,8.1,Split,11,LED,6.4,2,2,3,Apartment,312.0,148.0,Increasing,HigherThanUsual,True
132.0,274.0,10,2024,30,9.1,Electricity,2,6.5,Split,10,LED,5.8,2,2,3,Apartment,264.0,129.0,Stable,Typical,False
140.0,288.0,11,2024,30,9.6,Electricity,2,6.9,Split,11,LED,6.0,2,2,3,Apartment,283.0,136.0,Increasing,Typical,True
138.2,284.0,12,2024,30,9.5,Electricity,2,6.8,Split,10,LED,5.9,2,2,3,Apartment,278.0,135.0,Stable,Typical,False
146.7,307.0,1,2025,30,10.2,Electricity,2,7.6,Split,11,LED,6.1,2,2,3,Apartment,297.0,144.0,Increasing,Typical,True
131.4,273.0,2,2025,30,9.1,Electricity,2,6.6,Split,10,LED,5.7,2,2,3,Apartment,268.0,131.0,Stable,Typical,False
151.4,319.0,3,2025,30,10.6,Electricity,2,7.9,Split,11,LED,6.3,2,2,3,Apartment,309.0,148.0,Increasing,HigherThanUsual,True
135.9,279.0,4,2025,30,9.3,Electricity,2,6.7,Split,10,LED,5.8,2,2,3,Apartment,274.0,133.0,Stable,Typical,False
148.8,309.0,5,2025,30,10.3,Electricity,2,7.6,Split,11,LED,6.3,2,2,3,Apartment,299.0,142.0,Increasing,Typical,True
128.8,266.0,6,2025,30,8.9,Electricity,2,6.3,Split,10,LED,5.6,2,2,3,Apartment,261.0,128.0,Stable,LowerThanUsual,False
152.8,323.0,7,2025,30,10.8,Electricity,2,8.0,Split,11,LED,6.4,2,2,3,Apartment,313.0,149.0,Increasing,HigherThanUsual,True
133.3,276.0,8,2025,30,9.2,Electricity,2,6.6,Split,10,LED,5.9,2,2,3,Apartment,266.0,131.0,Stable,Typical,False
141.3,292.0,9,2025,30,9.7,Electricity,2,7.0,Split,11,LED,6.0,2,2,3,Apartment,287.0,138.0,Increasing,Typical,True
137.8,283.0,10,2025,30,9.4,Electricity,2,6.8,Split,10,LED,5.8,2,2,3,Apartment,277.0,134.0,Stable,Typical,False
145.8,304.0,11,2025,30,10.1,Electricity,2,7.5,Split,11,LED,6.1,2,2,3,Apartment,294.0,142.0,Increasing,Typical,True
130.3,271.0,12,2025,30,9.0,Electricity,2,6.5,Split,10,LED,5.7,2,2,3,Apartment,265.0,130.0,Stable,Typical,False
150.8,316.0,1,2026,30,10.5,Electricity,2,7.8,Split,11,LED,6.2,2,2,3,Apartment,306.0,146.0,Increasing,HigherThanUsual,True
135.3,278.0,2,2026,30,9.3,Electricity,2,6.7,Split,10,LED,5.7,2,2,3,Apartment,272.0,132.0,Stable,Typical,False
149.3,311.0,3,2026,30,10.4,Electricity,2,7.7,Split,11,LED,6.3,2,2,3,Apartment,301.0,143.0,Increasing,Typical,True
128.4,265.0,4,2026,30,8.8,Electricity,2,6.3,Split,10,LED,5.6,2,2,3,Apartment,260.0,128.0,Stable,LowerThanUsual,False
152.4,322.0,5,2026,30,10.7,Electricity,2,8.0,Split,11,LED,6.4,2,2,3,Apartment,312.0,148.0,Increasing,HigherThanUsual,True
132.8,275.0,6,2026,30,9.2,Electricity,2,6.5,Split,10,LED,5.8,2,2,3,Apartment,265.0,129.0,Stable,Typical,False
140.8,289.0,7,2026,30,9.6,Electricity,2,6.9,Split,11,LED,6.0,2,2,3,Apartment,284.0,136.0,Increasing,Typical,True
138.3,285.0,8,2026,30,9.5,Electricity,2,6.8,Split,10,LED,5.9,2,2,3,Apartment,279.0,135.0,Stable,Typical,False
146.8,308.0,9,2026,30,10.3,Electricity,2,7.6,Split,11,LED,6.1,2,2,3,Apartment,298.0,144.0,Increasing,Typical,True
131.5,274.0,10,2026,30,9.1,Electricity,2,6.6,Split,10,LED,5.7,2,2,3,Apartment,269.0,131.0,Stable,Typical,False
151.6,320.0,11,2026,30,10.7,Electricity,2,7.9,Split,11,LED,6.3,2,2,3,Apartment,310.0,148.0,Increasing,HigherThanUsual,True
136.1,279.0,12,2026,30,9.3,Electricity,2,6.7,Split,10,LED,5.8,2,2,3,Apartment,274.0,133.0,Stable,Typical,False
148.9,309.0,1,2023,30,10.3,Electricity,2,7.6,Split,11,LED,6.3,2,2,3,Apartment,299.0,142.0,Increasing,Typical,True
128.7,265.0,2,2023,30,8.8,Electricity,2,6.3,Split,10,LED,5.6,2,2,3,Apartment,260.0,128.0,Stable,LowerThanUsual,False
152.7,322.0,3,2023,30,10.7,Electricity,2,8.0,Split,11,LED,6.4,2,2,3,Apartment,312.0,148.0,Increasing,HigherThanUsual,True
133.2,275.0,4,2023,30,9.2,Electricity,2,6.6,Split,10,LED,5.8,2,2,3,Apartment,265.0,130.0,Stable,Typical,False
141.2,291.0,5,2023,30,9.7,Electricity,2,7.0,Split,11,LED,6.0,2,2,3,Apartment,286.0,137.0,Increasing,Typical,True
137.7,282.0,6,2023,30,9.4,Electricity,2,6.8,Split,10,LED,5.8,2,2,3,Apartment,276.0,134.0,Stable,Typical,False
145.7,304.0,7,2023,30,10.1,Electricity,2,7.5,Split,11,LED,6.1,2,2,3,Apartment,294.0,142.0,Increasing,Typical,True
130.2,270.0,8,2023,30,9.0,Electricity,2,6.5,Split,10,LED,5.7,2,2,3,Apartment,264.0,130.0,Stable,Typical,False
150.7,315.0,9,2023,30,10.5,Electricity,2,7.8,Split,11,LED,6.2,2,2,3,Apartment,305.0,146.0,Increasing,HigherThanUsual,True
135.2,278.0,10,2023,30,9.3,Electricity,2,6.7,Split,10,LED,5.7,2,2,3,Apartment,272.0,132.0,Stable,Typical,False
149.2,310.0,11,2023,30,10.3,Electricity,2,7.6,Split,11,LED,6.3,2,2,3,Apartment,300.0,143.0,Increasing,Typical,True
128.6,265.0,12,2023,30,8.8,Electricity,2,6.3,Split,10,LED,5.6,2,2,3,Apartment,260.0,128.0,Stable,LowerThanUsual,False
152.3,321.0,1,2024,30,10.7,Electricity,2,8.0,Split,11,LED,6.3,2,2,3,Apartment,311.0,148.0,Increasing,HigherThanUsual,True
132.7,274.0,2,2024,30,9.1,Electricity,2,6.5,Split,10,LED,5.8,2,2,3,Apartment,264.0,129.0,Stable,Typical,False
140.7,288.0,3,2024,30,9.6,Electricity,2,6.9,Split,11,LED,6.0,2,2,3,Apartment,283.0,136.0,Increasing,Typical,True
138.1,286.0,4,2024,30,9.5,Electricity,2,6.8,Split,10,LED,5.9,2,2,3,Apartment,278.0,135.0,Stable,Typical,False
146.7,307.0,5,2024,30,10.2,Electricity,2,7.6,Split,11,LED,6.1,2,2,3,Apartment,297.0,144.0,Increasing,Typical,True
131.4,273.0,6,2024,30,9.1,Electricity,2,6.6,Split,10,LED,5.7,2,2,3,Apartment,268.0,131.0,Stable,Typical,False
151.4,319.0,7,2024,30,10.6,Electricity,2,7.9,Split,11,LED,6.3,2,2,3,Apartment,309.0,148.0,Increasing,HigherThanUsual,True
135.9,279.0,8,2024,30,9.3,Electricity,2,6.7,Split,10,LED,5.8,2,2,3,Apartment,274.0,133.0,Stable,Typical,False
148.7,308.0,9,2024,30,10.3,Electricity,2,7.6,Split,11,LED,6.3,2,2,3,Apartment,298.0,142.0,Increasing,Typical,True
128.7,265.0,10,2024,30,8.8,Electricity,2,6.3,Split,10,LED,5.6,2,2,3,Apartment,260.0,128.0,Stable,LowerThanUsual,False
152.9,323.0,11,2024,30,10.8,Electricity,2,8.0,Split,11,LED,6.4,2,2,3,Apartment,313.0,149.0,Increasing,HigherThanUsual,True
133.4,276.0,12,2024,30,9.2,Electricity,2,6.6,Split,10,LED,5.9,2,2,3,Apartment,266.0,131.0,Stable,Typical,False
141.4,292.0,1,2025,30,9.7,Electricity,2,7.0,Split,11,LED,6.0,2,2,3,Apartment,287.0,138.0,Increasing,Typical,True
137.9,284.0,2,2025,30,9.5,Electricity,2,6.8,Split,10,LED,5.8,2,2,3,Apartment,278.0,135.0,Stable,Typical,False
145.9,305.0,3,2025,30,10.2,Electricity,2,7.6,Split,11,LED,6.1,2,2,3,Apartment,295.0,142.0,Increasing,Typical,True
132.0,275.0,4,2025,30,9.2,Electricity,2,6.6,Split,10,LED,5.8,2,2,3,Apartment,267.0,131.0,Stable,Typical,False
151.8,322.0,5,2025,30,10.7,Electricity,2,7.9,Split,11,LED,6.3,2,2,3,Apartment,312.0,148.0,Increasing,HigherThanUsual,True
136.3,280.0,6,2025,30,9.3,Electricity,2,6.7,Split,10,LED,5.8,2,2,3,Apartment,275.0,133.0,Stable,Typical,False
149.1,311.0,7,2025,30,10.4,Electricity,2,7.7,Split,11,LED,6.3,2,2,3,Apartment,301.0,143.0,Increasing,Typical,True
128.7,267.0,8,2025,30,8.9,Electricity,2,6.3,Split,10,LED,5.6,2,2,3,Apartment,262.0,128.0,Stable,LowerThanUsual,False
153.2,325.0,9,2025,30,10.8,Electricity,2,8.0,Split,11,LED,6.4,2,2,3,Apartment,315.0,149.0,Increasing,HigherThanUsual,True
133.6,277.0,10,2025,30,9.2,Electricity,2,6.6,Split,10,LED,5.9,2,2,3,Apartment,267.0,131.0,Stable,Typical,False
141.6,292.0,11,2025,30,9.7,Electricity,2,7.0,Split,11,LED,6.0,2,2,3,Apartment,287.0,138.0,Increasing,Typical,True
138.1,286.0,12,2025,30,9.5,Electricity,2,6.8,Split,10,LED,5.8,2,2,3,Apartment,278.0,135.0,Stable,Typical,False
147.1,310.0,1,2026,30,10.3,Electricity,2,7.6,Split,11,LED,6.1,2,2,3,Apartment,300.0,144.0,Increasing,Typical,True
131.8,276.0,2,2026,30,9.2,Electricity,2,6.6,Split,10,LED,5.7,2,2,3,Apartment,271.0,131.0,Stable,Typical,False
151.9,323.0,3,2026,30,10.8,Electricity,2,7.9,Split,11,LED,6.3,2,2,3,Apartment,313.0,148.0,Increasing,HigherThanUsual,True
136.4,281.0,4,2026,30,9.4,Electricity,2,6.7,Split,10,LED,5.8,2,2,3,Apartment,276.0,133.0,Stable,Typical,False
148.8,309.0,5,2026,30,10.3,Electricity,2,7.6,Split,11,LED,6.3,2,2,3,Apartment,299.0,142.0,Increasing,Typical,True
128.8,266.0,6,2026,30,8.9,Electricity,2,6.3,Split,10,LED,5.6,2,2,3,Apartment,261.0,128.0,Stable,LowerThanUsual,False
152.9,323.0,7,2026,30,10.8,Electricity,2,8.0,Split,11,LED,6.4,2,2,3,Apartment,313.0,149.0,Increasing,HigherThanUsual,True
133.4,276.0,8,2026,30,9.2,Electricity,2,6.6,Split,10,LED,5.8,2,2,3,Apartment,266.0,131.0,Stable,Typical,False
141.4,292.0,9,2026,30,9.7,Electricity,2,7.0,Split,11,LED,6.0,2,2,3,Apartment,287.0,138.0,Increasing,Typical,True
137.9,284.0,10,2026,30,9.5,Electricity,2,6.8,Split,10,LED,5.8,2,2,3,Apartment,278.0,135.0,Stable,Typical,False
145.9,305.0,11,2026,30,10.2,Electricity,2,7.6,Split,11,LED,6.1,2,2,3,Apartment,295.0,142.0,Increasing,Typical,True
132.0,275.0,12,2026,30,9.2,Electricity,2,6.6,Split,10,LED,5.8,2,2,3,Apartment,267.0,131.0,Stable,Typical,False
151.8,322.0,1,2023,30,10.7,Electricity,2,7.9,Split,11,LED,6.3,2,2,3,Apartment,312.0,148.0,Increasing,HigherThanUsual,True
136.3,280.0,2,2023,30,9.3,Electricity,2,6.7,Split,10,LED,5.8,2,2,3,Apartment,275.0,133.0,Stable,Typical,False
149.1,311.0,3,2023,30,10.4,Electricity,2,7.7,Split,11,LED,6.3,2,2,3,Apartment,301.0,143.0,Increasing,Typical,True
128.7,265.0,4,2023,30,8.8,Electricity,2,6.3,Split,10,LED,5.6,2,2,3,Apartment,260.0,128.0,Stable,LowerThanUsual,False
152.2,320.0,5,2023,30,10.7,Electricity,2,8.0,Split,11,LED,6.4,2,2,3,Apartment,310.0,147.0,Increasing,HigherThanUsual,True
133.3,276.0,6,2023,30,9.2,Electricity,2,6.6,Split,10,LED,5.9,2,2,3,Apartment,266.0,131.0,Stable,Typical,False
141.3,292.0,7,2023,30,9.7,Electricity,2,7.0,Split,11,LED,6.0,2,2,3,Apartment,287.0,138.0,Increasing,Typical,True
137.9,284.0,8,2023,30,9.5,Electricity,2,6.8,Split,10,LED,5.8,2,2,3,Apartment,278.0,135.0,Stable,Typical,False
145.9,305.0,9,2023,30,10.2,Electricity,2,7.6,Split,11,LED,6.1,2,2,3,Apartment,295.0,142.0,Increasing,Typical,True
132.0,275.0,10,2023,30,9.2,Electricity,2,6.6,Split,10,LED,5.8,2,2,3,Apartment,267.0,131.0,Stable,Typical,False
151.7,319.0,11,2023,30,10.6,Electricity,2,7.9,Split,11,LED,6.3,2,2,3,Apartment,309.0,148.0,Increasing,HigherThanUsual,True
135.8,279.0,12,2023,30,9.3,Electricity,2,6.7,Split,10,LED,5.8,2,2,3,Apartment,274.0,133.0,Stable,Typical,False
148.6,308.0,1,2024,30,10.3,Electricity,2,7.6,Split,11,LED,6.3,2,2,3,Apartment,298.0,142.0,Increasing,Typical,True
128.5,265.0,2,2024,30,8.8,Electricity,2,6.3,Split,10,LED,5.6,2,2,3,Apartment,260.0,128.0,Stable,LowerThanUsual,False
152.5,321.0,3,2024,30,10.7,Electricity,2,8.0,Split,11,LED,6.4,2,2,3,Apartment,311.0,148.0,Increasing,HigherThanUsual,True
133.1,275.0,4,2024,30,9.2,Electricity,2,6.6,Split,10,LED,5.8,2,2,3,Apartment,265.0,129.0,Stable,Typical,False
141.1,291.0,5,2024,30,9.7,Electricity,2,7.0,Split,11,LED,6.0,2,2,3,Apartment,286.0,137.0,Increasing,Typical,True
137.6,281.0,6,2024,30,9.4,Electricity,2,6.8,Split,10,LED,5.8,2,2,3,Apartment,276.0,134.0,Stable,Typical,False
145.6,303.0,7,2024,30,10.1,Electricity,2,7.5,Split,11,LED,6.1,2,2,3,Apartment,293.0,142.0,Increasing,Typical,True
130.1,270.0,8,2024,30,9.0,Electricity,2,6.5,Split,10,LED,5.7,2,2,3,Apartment,264.0,130.0,Stable,Typical,False
150.6,315.0,9,2024,30,10.5,Electricity,2,7.8,Split,11,LED,6.2,2,2,3,Apartment,305.0,146.0,Increasing,HigherThanUsual,True
135.1,277.0,10,2024,30,9.2,Electricity,2,6.7,Split,10,LED,5.7,2,2,3,Apartment,272.0,132.0,Stable,Typical,False
149.0,310.0,11,2024,30,10.3,Electricity,2,7.6,Split,11,LED,6.3,2,2,3,Apartment,300.0,143.0,Increasing,Typical,True
128.3,264.0,12,2024,30,8.8,Electricity,2,6.3,Split,10,LED,5.6,2,2,3,Apartment,260.0,128.0,Stable,LowerThanUsual,False
152.1,321.0,1,2025,30,10.7,Electricity,2,8.0,Split,11,LED,6.3,2,2,3,Apartment,311.0,148.0,Increasing,HigherThanUsual,True
132.6,274.0,2,2025,30,9.1,Electricity,2,6.5,Split,10,LED,5.8,2,2,3,Apartment,264.0,129.0,Stable,Typical,False
140.6,287.0,3,2025,30,9.6,Electricity,2,6.9,Split,11,LED,6.0,2,2,3,Apartment,283.0,136.0,Increasing,Typical,True
138.0,283.0,4,2025,30,9.4,Electricity,2,6.8,Split,10,LED,5.8,2,2,3,Apartment,277.0,134.0,Stable,Typical,False
146.6,306.0,5,2025,30,10.2,Electricity,2,7.6,Split,11,LED,6.1,2,2,3,Apartment,296.0,143.0,Increasing,Typical,True
131.3,273.0,6,2025,30,9.1,Electricity,2,6.6,Split,10,LED,5.7,2,2,3,Apartment,268.0,131.0,Stable,Typical,False
151.5,317.0,7,2025,30,10.6,Electricity,2,7.9,Split,11,LED,6.3,2,2,3,Apartment,307.0,147.0,Increasing,HigherThanUsual,True
135.7,279.0,8,2025,30,9.3,Electricity,2,6.7,Split,10,LED,5.8,2,2,3,Apartment,273.0,132.0,Stable,Typical,False
148.4,308.0,9,2025,30,10.3,Electricity,2,7.6,Split,11,LED,6.3,2,2,3,Apartment,298.0,142.0,Increasing,Typical,True
128.2,264.0,10,2025,30,8.8,Electricity,2,6.3,Split,10,LED,5.6,2,2,3,Apartment,260.0,128.0,Stable,LowerThanUsual,False
152.2,320.0,11,2025,30,10.7,Electricity,2,8.0,Split,11,LED,6.4,2,2,3,Apartment,310.0,147.0,Increasing,HigherThanUsual,True
133.0,274.0,12,2025,30,9.1,Electricity,2,6.5,Split,10,LED,5.8,2,2,3,Apartment,263.0,129.0,Stable,Typical,False
140.4,286.0,1,2026,30,9.5,Electricity,2,6.9,Split,11,LED,6.0,2,2,3,Apartment,282.0,136.0,Increasing,Typical,True
137.5,279.0,2,2026,30,9.3,Electricity,2,6.7,Split,10,LED,5.8,2,2,3,Apartment,271.0,131.0,Stable,Typical,False
145.4,302.0,3,2026,30,10.1,Electricity,2,7.5,Split,11,LED,6.1,2,2,3,Apartment,294.0,142.0,Increasing,Typical,True
129.9,267.0,4,2026,30,8.9,Electricity,2,6.4,Split,10,LED,5.7,2,2,3,Apartment,261.0,129.0,Stable,LowerThanUsual,False
151.1,316.0,5,2026,30,10.5,Electricity,2,7.8,Split,11,LED,6.2,2,2,3,Apartment,306.0,146.0,Increasing,HigherThanUsual,True
135.0,277.0,6,2026,30,9.2,Electricity,2,6.7,Split,10,LED,5.7,2,2,3,Apartment,271.0,132.0,Stable,Typical,False
148.3,309.0,7,2026,30,10.3,Electricity,2,7.6,Split,11,LED,6.3,2,2,3,Apartment,300.0,143.0,Increasing,Typical,True
127.8,262.0,8,2026,30,8.8,Electricity,2,6.2,Split,10,LED,5.6,2,2,3,Apartment,258.0,127.0,Stable,LowerThanUsual,False
152.0,320.0,9,2026,30,10.7,Electricity,2,8.0,Split,11,LED,6.4,2,2,3,Apartment,310.0,147.0,Increasing,HigherThanUsual,True
132.5,273.0,10,2026,30,9.1,Electricity,2,6.5,Split,10,LED,5.8,2,2,3,Apartment,263.0,129.0,Stable,Typical,False
140.2,285.0,11,2026,30,9.5,Electricity,2,6.9,Split,11,LED,6.0,2,2,3,Apartment,284.0,136.0,Increasing,Typical,True
137.4,278.0,12,2026,30,9.3,Electricity,2,6.8,Split,10,LED,5.8,2,2,3,Apartment,272.0,133.0,Stable,Typical,False
145.0,295.0,1,2023,30,9.8,Electricity,2,7.1,Split,11,LED,6.0,2,2,3,Apartment,290.0,138.0,Stable,Typical,True
138.5,280.0,2,2023,30,9.3,Electricity,2,6.8,Split,10,LED,5.9,2,2,3,Apartment,275.0,134.0,Stable,Typical,False
144.8,300.0,3,2023,30,10.0,Electricity,2,7.4,Split,11,LED,6.1,2,2,3,Apartment,290.0,141.0,Increasing,Typical,True
128.9,265.0,4,2023,30,8.8,Electricity,2,6.3,Split,10,LED,5.6,2,2,3,Apartment,260.0,128.0,Stable,LowerThanUsual,False
151.0,315.0,5,2023,30,10.5,Electricity,2,7.8,Split,11,LED,6.2,2,2,3,Apartment,305.0,145.0,Increasing,HigherThanUsual,True
135.0,275.0,6,2023,30,9.2,Electricity,2,6.7,Split,10,LED,5.7,2,2,3,Apartment,270.0,132.0,Stable,Typical,False
148.5,309.0,7,2023,30,10.3,Electricity,2,7.6,Split,11,LED,6.3,2,2,3,Apartment,300.0,143.0,Increasing,Typical,True
127.5,260.0,8,2023,30,8.7,Electricity,2,6.2,Split,10,LED,5.5,2,2,3,Apartment,255.0,126.0,Stable,LowerThanUsual,False
152.0,320.0,9,2023,30,10.7,Electricity,2,8.0,Split,11,LED,6.4,2,2,3,Apartment,310.0,147.0,Increasing,HigherThanUsual,True
132.0,270.0,10,2023,30,9.0,Electricity,2,6.5,Split,10,LED,5.8,2,2,3,Apartment,260.0,128.0,Stable,Typical,False
140.0,285.0,11,2023,30,9.5,Electricity,2,6.9,Split,11,LED,6.0,2,2,3,Apartment,280.0,135.0,Increasing,Typical,True
138.0,280.0,12,2023,30,9.3,Electricity,2,6.8,Split,10,LED,5.8,2,2,3,Apartment,275.0,133.0,Stable,Typical,False
145.5,298.0,1,2024,30,9.9,Electricity,2,7.0,Split,11,LED,6.0,2,2,3,Apartment,285.0,137.0,Increasing,Typical,True
134.0,270.0,2,2024,30,9.0,Electricity,2,6.7,Split,10,LED,5.7,2,2,3,Apartment,265.0,130.0,Stable,Typical,False
143.0,295.0,3,2024,30,9.8,Electricity,2,7.3,Split,11,LED,6.0,2,2,3,Apartment,285.0,140.0,Increasing,Typical,True
127.0,255.0,4,2024,30,8.5,Electricity,2,6.0,Split,10,LED,5.5,2,2,3,Apartment,250.0,123.0,Stable,LowerThanUsual,False
150.0,310.0,5,2024,30,10.3,Electricity,2,7.7,Split,11,LED,6.2,2,2,3,Apartment,300.0,144.0,Increasing,HigherThanUsual,True
134.0,270.0,6,2024,30,9.0,Electricity,2,6.6,Split,10,LED,5.7,2,2,3,Apartment,265.0,130.0,Stable,Typical,False
147.0,305.0,7,2024,30,10.2,Electricity,2,7.6,Split,11,LED,6.3,2,2,3,Apartment,295.0,142.0,Increasing,Typical,True
126.0,250.0,8,2024,30,8.3,Electricity,2,6.0,Split,10,LED,5.5,2,2,3,Apartment,250.0,120.0,Stable,LowerThanUsual,False
151.0,315.0,9,2024,30,10.5,Electricity,2,7.9,Split,11,LED,6.3,2,2,3,Apartment,305.0,145.0,Increasing,HigherThanUsual,True
133.0,270.0,10,2024,30,9.0,Electricity,2,6.6,Split,10,LED,5.7,2,2,3,Apartment,260.0,128.0,Stable,Typical,False
140.0,280.0,11,2024,30,9.3,Electricity,2,6.8,Split,11,LED,6.0,2,2,3,Apartment,275.0,135.0,Increasing,Typical,True
137.0,270.0,12,2024,30,9.0,Electricity,2,6.7,Split,10,LED,5.8,2,2,3,Apartment,260.0,128.0,Stable,Typical,False
144.0,290.0,1,2025,30,9.7,Electricity,2,7.2,Split,11,LED,6.0,2,2,3,Apartment,280.0,136.0,Increasing,Typical,True
130.0,260.0,2,2025,30,8.7,Electricity,2,6.3,Split,10,LED,5.6,2,2,3,Apartment,250.0,122.0,Stable,LowerThanUsual,False
150.0,310.0,3,2025,30,10.3,Electricity,2,7.7,Split,11,LED,6.2,2,2,3,Apartment,300.0,143.0,Increasing,HigherThanUsual,True
142.30,295.60,3,2023,30,9.85,Electricity,2,7.10,Split,11,LED,6.0,2,2,3,Apartment,290.00,138.00,Stable,Typical,True
138.70,285.40,4,2023,30,9.51,Electricity,2,6.80,Split,10,LED,5.9,2,2,3,Apartment,280.00,135.00,Stable,Typical,False
145.20,305.00,5,2023,30,10.17,Electricity,2,7.50,Split,11,LED,6.1,2,2,3,Apartment,295.00,142.00,Increasing,Typical,True
130.00,270.00,6,2023,30,9.00,Electricity,2,6.50,Split,10,LED,5.8,2,2,3,Apartment,275.00,130.00,Stable,Typical,False
150.00,315.00,7,2023,30,10.50,Electricity,2,7.80,Split,11,LED,6.2,2,2,3,Apartment,305.00,145.00,Increasing,HigherThanUsual,True
135.50,280.00,8,2023,30,9.33,Electricity,2,6.70,Split,10,LED,5.7,2,2,3,Apartment,270.00,132.00,Stable,Typical,False
148.90,310.00,9,2023,30,10.33,Electricity,2,7.60,Split,11,LED,6.3,2,2,3,Apartment,300.00,143.00,Increasing,Typical,True
128.00,265.00,10,2023,30,8.83,Electricity,2,6.30,Split,10,LED,5.6,2,2,3,Apartment,260.00,128.00,Stable,LowerThanUsual,False
152.00,320.00,11,2023,30,10.67,Electricity,2,8.00,Split,11,LED,6.4,2,2,3,Apartment,310.00,147.00,Increasing,HigherThanUsual,True
133.00,275.00,12,2023,30,9.17,Electricity,2,6.60,Split,10,LED,5.9,2,2,3,Apartment,265.00,130.00,Stable,Typical,False
147.80,308.50,1,2024,30,10.28,Electricity,2,7.45,Split,11,LED,6.25,2,2,3,Apartment,298.00,141.00,Increasing,Typical,True
131.20,272.30,2,2024,30,9.08,Electricity,2,6.55,Split,10,LED,5.75,2,2,3,Apartment,268.00,129.00,Stable,LowerThanUsual,False
143.70,300.20,3,2024,30,10.01,Electricity,2,7.30,Split,11,LED,6.15,2,2,3,Apartment,290.00,140.00,Stable,Typical,True
136.90,283.60,4,2024,30,9.45,Electricity,2,6.90,Split,10,LED,5.95,2,2,3,Apartment,280.00,135.00,Stable,Typical,False
149.50,312.40,5,2024,30,10.41,Electricity,2,7.70,Split,11,LED,6.35,2,2,3,Apartment,302.00,144.00,Increasing,Typical,True
129.30,268.70,6,2024,30,8.96,Electricity,2,6.40,Split,10,LED,5.70,2,2,3,Apartment,265.00,128.00,Stable,Typical,False
151.20,318.60,7,2024,30,10.62,Electricity,2,7.95,Split,11,LED,6.45,2,2,3,Apartment,308.00,146.00,Increasing,HigherThanUsual,True
134.80,279.10,8,2024,30,9.30,Electricity,2,6.75,Split,10,LED,5.85,2,2,3,Apartment,272.00,131.00,Stable,Typical,False
146.40,306.20,9,2024,30,10.21,Electricity,2,7.55,Split,11,LED,6.30,2,2,3,Apartment,296.00,142.00,Increasing,Typical,True
127.50,263.80,10,2024,30,8.79,Electricity,2,6.25,Split,10,LED,5.55,2,2,3,Apartment,258.00,127.00,Stable,LowerThanUsual,False
142.30,295.60,1,2023,30,9.85,Electricity,2,7.10,Split,11,LED,6.0,2,2,3,Apartment,290.00,138.00,Stable,Typical,True
138.70,285.40,2,2023,30,9.51,Electricity,2,6.80,Split,10,LED,5.9,2,2,3,Apartment,280.00,135.00,Stable,Typical,False
145.20,305.00,3,2023,30,10.17,Electricity,2,7.50,Split,11,LED,6.1,2,2,3,Apartment,295.00,142.00,Increasing,Typical,True
130.00,270.00,4,2023,30,9.00,Electricity,2,6.50,Split,10,LED,5.8,2,2,3,Apartment,275.00,130.00,Stable,Typical,False
150.00,315.00,5,2023,30,10.50,Electricity,2,7.80,Split,11,LED,6.2,2,2,3,Apartment,305.00,145.00,Increasing,HigherThanUsual,True
135.50,280.00,6,2023,30,9.33,Electricity,2,6.70,Split,10,LED,5.7,2,2,3,Apartment,270.00,132.00,Stable,Typical,False
148.90,310.00,7,2023,30,10.33,Electricity,2,7.60,Split,11,LED,6.3,2,2,3,Apartment,300.00,143.00,Increasing,Typical,True
128.00,265.00,8,2023,30,8.83,Electricity,2,6.30,Split,10,LED,5.6,2,2,3,Apartment,260.00,128.00,Stable,LowerThanUsual,False
152.00,320.00,9,2023,30,10.67,Electricity,2,8.00,Split,11,LED,6.4,2,2,3,Apartment,310.00,147.00,Increasing,HigherThanUsual,True
133.00,275.00,10,2023,30,9.17,Electricity,2,6.60,Split,10,LED,5.9,2,2,3,Apartment,265.00,130.00,Stable,Typical,False
147.80,308.50,11,2023,30,10.28,Electricity,2,7.45,Split,11,LED,6.25,2,2,3,Apartment,298.00,141.00,Increasing,Typical,True
131.20,272.30,12,2023,30,9.08,Electricity,2,6.55,Split,10,LED,5.75,2,2,3,Apartment,268.00,129.00,Stable,LowerThanUsual,False
143.70,300.20,1,2024,30,10.01,Electricity,2,7.30,Split,11,LED,6.15,2,2,3,Apartment,290.00,140.00,Stable,Typical,True
136.90,283.60,2,2024,30,9.45,Electricity,2,6.90,Split,10,LED,5.95,2,2,3,Apartment,280.00,135.00,Stable,Typical,False
149.50,312.40,3,2024,30,10.41,Electricity,2,7.70,Split,11,LED,6.35,2,2,3,Apartment,302.00,144.00,Increasing,Typical,True
129.30,268.70,4,2024,30,8.96,Electricity,2,6.40,Split,10,LED,5.70,2,2,3,Apartment,265.00,128.00,Stable,Typical,False
151.20,318.60,5,2024,30,10.62,Electricity,2,7.95,Split,11,LED,6.45,2,2,3,Apartment,308.00,146.00,Increasing,HigherThanUsual,True
134.80,279.10,6,2024,30,9.30,Electricity,2,6.75,Split,10,LED,5.85,2,2,3,Apartment,272.00,131.00,Stable,Typical,False
146.40,306.20,7,2024,30,10.21,Electricity,2,7.55,Split,11,LED,6.30,2,2,3,Apartment,296.00,142.00,Increasing,Typical,True
127.50,263.80,8,2024,30,8.79,Electricity,2,6.25,Split,10,LED,5.55,2,2,3,Apartment,258.00,127.00,Stable,LowerThanUsual,False
153.10,325.40,9,2024,30,10.85,Electricity,2,8.10,Split,11,LED,6.50,2,2,3,Apartment,315.00,149.00,Increasing,HigherThanUsual,True
132.70,274.20,10,2024,30,9.14,Electricity,2,6.65,Split,10,LED,5.88,2,2,3,Apartment,264.00,129.00,Stable,Typical,False
144.80,302.10,11,2024,30,10.07,Electricity,2,7.40,Split,11,LED,6.20,2,2,3,Apartment,292.00,141.00,Increasing,Typical,True
130.80,271.50,12,2024,30,9.05,Electricity,2,6.45,Split,10,LED,5.72,2,2,3,Apartment,266.00,128.00,Stable,LowerThanUsual,False
148.20,309.30,1,2025,30,10.31,Electricity,2,7.50,Split,11,LED,6.28,2,2,3,Apartment,299.00,143.00,Increasing,Typical,True
135.20,279.80,2,2025,30,9.33,Electricity,2,6.85,Split,10,LED,5.92,2,2,3,Apartment,273.00,132.00,Stable,Typical,False
150.80,314.20,3,2025,30,10.47,Electricity,2,7.85,Split,11,LED,6.38,2,2,3,Apartment,304.00,145.00,Increasing,HigherThanUsual,True
128.90,267.40,4,2025,30,8.91,Electricity,2,6.35,Split,10,LED,5.65,2,2,3,Apartment,262.00,127.00,Stable,Typical,False
147.10,307.00,5,2025,30,10.23,Electricity,2,7.60,Split,11,LED,6.33,2,2,3,Apartment,297.00,142.00,Increasing,Typical,True
133.80,276.90,6,2025,30,9.23,Electricity,2,6.70,Split,10,LED,5.82,2,2,3,Apartment,270.00,130.00,Stable,Typical,False
149.90,312.80,7,2025,30,10.43,Electricity,2,7.75,Split,11,LED,6.42,2,2,3,Apartment,303.00,144.00,Increasing,HigherThanUsual,True
126.70,262.10,8,2025,30,8.74,Electricity,2,6.20,Split,10,LED,5.50,2,2,3,Apartment,256.00,126.00,Stable,LowerThanUsual,False
152.50,323.70,9,2025,30,10.79,Electricity,2,8.05,Split,11,LED,6.48,2,2,3,Apartment,313.00,148.00,Increasing,HigherThanUsual,True
131.90,273.00,10,2025,30,9.10,Electricity,2,6.60,Split,10,LED,5.85,2,2,3,Apartment,267.00,129.00,Stable,Typical,False
143.20,299.00,11,2025,30,9.97,Electricity,2,7.35,Split,11,LED,6.18,2,2,3,Apartment,289.00,139.00,Increasing,Typical,True
129.70,269.20,12,2025,30,8.97,Electricity,2,6.50,Split,10,LED,5.78,2,2,3,Apartment,263.00,127.00,Stable,LowerThanUsual,False
146.70,306.00,1,2026,30,10.20,Electricity,2,7.55,Split,11,LED,6.30,2,2,3,Apartment,296.00,142.00,Increasing,Typical,True
134.50,278.00,2,2026,30,9.27,Electricity,2,6.80,Split,10,LED,5.90,2,2,3,Apartment,271.00,131.00,Stable,Typical,False
151.70,317.30,3,2026,30,10.58,Electricity,2,7.90,Split,11,LED,6.45,2,2,3,Apartment,307.00,146.00,Increasing,HigherThanUsual,True
127.80,264.50,4,2026,30,8.82,Electricity,2,6.30,Split,10,LED,5.62,2,2,3,Apartment,259.00,126.00,Stable,Typical,False
148.60,310.50,5,2026,30,10.35,Electricity,2,7.65,Split,11,LED,6.35,2,2,3,Apartment,300.00,143.00,Increasing,Typical,True
132.40,274.00,6,2026,30,9.13,Electricity,2,6.65,Split,10,LED,5.80,2,2,3,Apartment,268.00,130.00,Stable,Typical,False
150.30,313.50,7,2026,30,10.45,Electricity,2,7.80,Split,11,LED,6.40,2,2,3,Apartment,304.00,145.00,Increasing,HigherThanUsual,True
125.90,260.70,8,2026,30,8.69,Electricity,2,6.15,Split,10,LED,5.45,2,2,3,Apartment,255.00,125.00,Stable,LowerThanUsual,False
153.80,327.10,9,2026,30,10.90,Electricity,2,8.15,Split,11,LED,6.55,2,2,3,Apartment,316.00,150.00,Increasing,HigherThanUsual,True
130.60,270.30,10,2026,30,9.01,Electricity,2,6.55,Split,10,LED,5.75,2,2,3,Apartment,265.00,128.00,Stable,Typical,False
142.50,297.20,11,2026,30,9.91,Electricity,2,7.30,Split,11,LED,6.15,2,2,3,Apartment,287.00,138.00,Increasing,Typical,True
128.60,266.40,12,2026,30,8.88,Electricity,2,6.40,Split,10,LED,5.70,2,2,3,Apartment,261.00,126.00,Stable,LowerThanUsual,False
145.90,304.20,1,2027,30,10.14,Electricity,2,7.50,Split,11,LED,6.25,2,2,3,Apartment,294.00,141.00,Increasing,Typical,True
133.20,275.80,2,2027,30,9.19,Electricity,2,6.75,Split,10,LED,5.85,2,2,3,Apartment,269.00,130.00,Stable,Typical,False
152.20,321.80,3,2027,30,10.73,Electricity,2,8.00,Split,11,LED,6.50,2,2,3,Apartment,311.00,147.00,Increasing,HigherThanUsual,True
126.50,261.90,4,2027,30,8.73,Electricity,2,6.25,Split,10,LED,5.58,2,2,3,Apartment,256.00,125.00,Stable,Typical,False
147.90,308.60,5,2027,30,10.29,Electricity,2,7.60,Split,11,LED,6.32,2,2,3,Apartment,298.00,142.00,Increasing,Typical,True
131.70,272.50,6,2027,30,9.08,Electricity,2,6.60,Split,10,LED,5.78,2,2,3,Apartment,266.00,129.00,Stable,Typical,False
149.20,311.20,7,2027,30,10.37,Electricity,2,7.70,Split,11,LED,6.38,2,2,3,Apartment,301.00,144.00,Increasing,HigherThanUsual,True
124.80,258.40,8,2027,30,8.61,Electricity,2,6.10,Split,10,LED,5.40,2,2,3,Apartment,253.00,124.00,Stable,LowerThanUsual,False
154.50,329.50,9,2027,30,10.98,Electricity,2,8.20,Split,11,LED,6.60,2,2,3,Apartment,318.00,151.00,Increasing,HigherThanUsual,True
129.30,267.70,10,2027,30,8.92,Electricity,2,6.50,Split,10,LED,5.72,2,2,3,Apartment,262.00,127.00,Stable,Typical,False
141.80,295.60,11,2027,30,9.85,Electricity,2,7.25,Split,11,LED,6.12,2,2,3,Apartment,285.00,137.00,Increasing,Typical,True
127.40,263.80,12,2027,30,8.79,Electricity,2,6.35,Split,10,LED,5.65,2,2,3,Apartment,258.00,125.00,Stable,LowerThanUsual,False
142.30,295.60,1,2023,30,9.85,Electricity,2,7.10,Split,11,LED,6.0,2,2,3,Apartment,290.00,138.00,Stable,Typical,True
138.70,285.40,2,2023,30,9.51,Electricity,2,6.80,Split,10,LED,5.9,2,2,3,Apartment,280.00,135.00,Stable,Typical,False
145.20,305.00,3,2023,30,10.17,Electricity,2,7.50,Split,11,LED,6.1,2,2,3,Apartment,295.00,142.00,Increasing,Typical,True
130.00,270.00,4,2023,30,9.00,Electricity,2,6.50,Split,10,LED,5.8,2,2,3,Apartment,275.00,130.00,Stable,Typical,False
150.00,315.00,5,2023,30,10.50,Electricity,2,7.80,Split,11,LED,6.2,2,2,3,Apartment,305.00,145.00,Increasing,HigherThanUsual,True
135.50,280.00,6,2023,30,9.33,Electricity,2,6.70,Split,10,LED,5.7,2,2,3,Apartment,270.00,132.00,Stable,Typical,False
148.90,310.00,7,2023,30,10.33,Electricity,2,7.60,Split,11,LED,6.3,2,2,3,Apartment,300.00,143.00,Increasing,Typical,True
128.00,265.00,8,2023,30,8.83,Electricity,2,6.30,Split,10,LED,5.6,2,2,3,Apartment,260.00,128.00,Stable,LowerThanUsual,False
152.00,320.00,9,2023,30,10.67,Electricity,2,8.00,Split,11,LED,6.4,2,2,3,Apartment,310.00,147.00,Increasing,HigherThanUsual,True
133.00,275.00,10,2023,30,9.17,Electricity,2,6.60,Split,10,LED,5.9,2,2,3,Apartment,265.00,130.00,Stable,Typical,False
147.80,308.50,11,2023,30,10.28,Electricity,2,7.45,Split,11,LED,6.25,2,2,3,Apartment,298.00,141.00,Increasing,Typical,True
131.20,272.30,12,2023,30,9.08,Electricity,2,6.55,Split,10,LED,5.75,2,2,3,Apartment,268.00,129.00,Stable,LowerThanUsual,False
143.70,300.20,1,2024,30,10.01,Electricity,2,7.30,Split,11,LED,6.15,2,2,3,Apartment,290.00,140.00,Stable,Typical,True
136.90,283.60,2,2024,30,9.45,Electricity,2,6.90,Split,10,LED,5.95,2,2,3,Apartment,280.00,135.00,Stable,Typical,False
149.50,312.40,3,2024,30,10.41,Electricity,2,7.70,Split,11,LED,6.35,2,2,3,Apartment,302.00,144.00,Increasing,Typical,True
129.30,268.70,4,2024,30,8.96,Electricity,2,6.40,Split,10,LED,5.70,2,2,3,Apartment,265.00,128.00,Stable,Typical,False
151.20,318.60,5,2024,30,10.62,Electricity,2,7.95,Split,11,LED,6.45,2,2,3,Apartment,308.00,146.00,Increasing,HigherThanUsual,True
134.80,279.10,6,2024,30,9.30,Electricity,2,6.75,Split,10,LED,5.85,2,2,3,Apartment,272.00,131.00,Stable,Typical,False
146.40,306.20,7,2024,30,10.21,Electricity,2,7.55,Split,11,LED,6.30,2,2,3,Apartment,296.00,142.00,Increasing,Typical,True
127.50,263.80,8,2024,30,8.79,Electricity,2,6.25,Split,10,LED,5.55,2,2,3,Apartment,258.00,127.00,Stable,LowerThanUsual,False
153.10,325.40,9,2024,30,10.85,Electricity,2,8.10,Split,11,LED,6.50,2,2,3,Apartment,315.00,149.00,Increasing,HigherThanUsual,True
132.70,274.20,10,2024,30,9.14,Electricity,2,6.65,Split,10,LED,5.88,2,2,3,Apartment,264.00,129.00,Stable,Typical,False
144.80,302.10,11,2024,30,10.07,Electricity,2,7.40,Split,11,LED,6.20,2,2,3,Apartment,292.00,141.00,Increasing,Typical,True
130.80,271.50,12,2024,30,9.05,Electricity,2,6.45,Split,10,LED,5.72,2,2,3,Apartment,266.00,128.00,Stable,LowerThanUsual,False
148.20,309.30,1,2025,30,10.31,Electricity,2,7.50,Split,11,LED,6.28,2,2,3,Apartment,299.00,143.00,Increasing,Typical,True
135.20,279.80,2,2025,30,9.33,Electricity,2,6.85,Split,10,LED,5.92,2,2,3,Apartment,273.00,132.00,Stable,Typical,False
150.80,314.20,3,2025,30,10.47,Electricity,2,7.85,Split,11,LED,6.38,2,2,3,Apartment,304.00,145.00,Increasing,HigherThanUsual,True
128.90,267.40,4,2025,30,8.91,Electricity,2,6.35,Split,10,LED,5.65,2,2,3,Apartment,262.00,127.00,Stable,Typical,False
147.10,307.00,5,2025,30,10.23,Electricity,2,7.60,Split,11,LED,6.33,2,2,3,Apartment,297.00,142.00,Increasing,Typical,True
133.80,276.90,6,2025,30,9.23,Electricity,2,6.70,Split,10,LED,5.82,2,2,3,Apartment,270.00,130.00,Stable,Typical,False
149.90,312.80,7,2025,30,10.43,Electricity,2,7.75,Split,11,LED,6.42,2,2,3,Apartment,303.00,144.00,Increasing,HigherThanUsual,True
126.70,262.10,8,2025,30,8.74,Electricity,2,6.20,Split,10,LED,5.50,2,2,3,Apartment,256.00,126.00,Stable,LowerThanUsual,False
152.50,323.70,9,2025,30,10.79,Electricity,2,8.05,Split,11,LED,6.48,2,2,3,Apartment,313.00,148.00,Increasing,HigherThanUsual,True
131.90,273.00,10,2025,30,9.10,Electricity,2,6.60,Split,10,LED,5.85,2,2,3,Apartment,267.00,129.00,Stable,Typical,False
143.20,299.00,11,2025,30,9.97,Electricity,2,7.35,Split,11,LED,6.18,2,2,3,Apartment,289.00,139.00,Increasing,Typical,True
129.70,269.20,12,2025,30,8.97,Electricity,2,6.50,Split,10,LED,5.78,2,2,3,Apartment,263.00,127.00,Stable,LowerThanUsual,False
146.70,306.00,1,2026,30,10.20,Electricity,2,7.55,Split,11,LED,6.30,2,2,3,Apartment,296.00,142.00,Increasing,Typical,True
134.50,278.00,2,2026,30,9.27,Electricity,2,6.80,Split,10,LED,5.90,2,2,3,Apartment,271.00,131.00,Stable,Typical,False
151.70,317.30,3,2026,30,10.58,Electricity,2,7.90,Split,11,LED,6.45,2,2,3,Apartment,307.00,146.00,Increasing,HigherThanUsual,True
127.80,264.50,4,2026,30,8.82,Electricity,2,6.30,Split,10,LED,5.62,2,2,3,Apartment,259.00,126.00,Stable,Typical,False
148.60,310.50,5,2026,30,10.35,Electricity,2,7.65,Split,11,LED,6.35,2,2,3,Apartment,300.00,143.00,Increasing,Typical,True
132.40,274.00,6,2026,30,9.13,Electricity,2,6.65,Split,10,LED,5.80,2,2,3,Apartment,268.00,130.00,Stable,Typical,False
150.30,313.50,7,2026,30,10.45,Electricity,2,7.80,Split,11,LED,6.40,2,2,3,Apartment,304.00,145.00,Increasing,HigherThanUsual,True
125.90,260.70,8,2026,30,8.69,Electricity,2,6.15,Split,10,LED,5.45,2,2,3,Apartment,255.00,125.00,Stable,LowerThanUsual,False
153.80,327.10,9,2026,30,10.90,Electricity,2,8.15,Split,11,LED,6.55,2,2,3,Apartment,316.00,150.00,Increasing,HigherThanUsual,True
130.60,270.30,10,2026,30,9.01,Electricity,2,6.55,Split,10,LED,5.75,2,2,3,Apartment,265.00,128.00,Stable,Typical,False
142.50,297.20,11,2026,30,9.91,Electricity,2,7.30,Split,11,LED,6.15,2,2,3,Apartment,287.00,138.00,Increasing,Typical,True
128.60,266.40,12,2026,30,8.88,Electricity,2,6.40,Split,10,LED,5.70,2,2,3,Apartment,261.00,126.00,Stable,LowerThanUsual,False
145.90,304.20,1,2027,30,10.14,Electricity,2,7.50,Split,11,LED,6.25,2,2,3,Apartment,294.00,141.00,Increasing,Typical,True
133.20,275.80,2,2027,30,9.19,Electricity,2,6.75,Split,10,LED,5.85,2,2,3,Apartment,269.00,130.00,Stable,Typical,False
152.20,321.80,3,2027,30,10.73,Electricity,2,8.00,Split,11,LED,6.50,2,2,3,Apartment,311.00,147.00,Increasing,HigherThanUsual,True
126.50,261.90,4,2027,30,8.73,Electricity,2,6.25,Split,10,LED,5.58,2,2,3,Apartment,256.00,125.00,Stable,Typical,False
147.90,308.60,5,2027,30,10.29,Electricity,2,7.60,Split,11,LED,6.32,2,2,3,Apartment,298.00,142.00,Increasing,Typical,True
131.70,272.50,6,2027,30,9.08,Electricity,2,6.60,Split,10,LED,5.78,2,2,3,Apartment,266.00,129.00,Stable,Typical,False
149.20,311.20,7,2027,30,10.37,Electricity,2,7.70,Split,11,LED,6.38,2,2,3,Apartment,301.00,144.00,Increasing,HigherThanUsual,True
124.80,258.40,8,2027,30,8.61,Electricity,2,6.10,Split,10,LED,5.40,2,2,3,Apartment,253.00,124.00,Stable,LowerThanUsual,False
154.50,329.50,9,2027,30,10.98,Electricity,2,8.20,Split,11,LED,6.60,2,2,3,Apartment,318.00,151.00,Increasing,HigherThanUsual,True
129.30,267.70,10,2027,30,8.92,Electricity,2,6.50,Split,10,LED,5.72,2,2,3,Apartment,262.00,127.00,Stable,Typical,False
141.80,295.60,11,2027,30,9.85,Electricity,2,7.25,Split,11,LED,6.12,2,2,3,Apartment,285.00,137.00,Increasing,Typical,True
127.40,263.80,12,2027,30,8.79,Electricity,2,6.35,Split,10,LED,5.65,2,2,3,Apartment,258.00,125.00,Stable,LowerThanUsual,False
155.20,331.80,1,2028,30,11.06,Electricity,2,8.25,Split,11,LED,6.65,2,2,3,Apartment,320.00,152.00,Increasing,HigherThanUsual,True
130.90,271.00,2,2028,30,9.03,Electricity,2,6.70,Split,10,LED,5.80,2,2,3,Apartment,265.00,129.00,Stable,Typical,False
140.70,293.50,3,2028,30,9.78,Electricity,2,7.20,Split,11,LED,6.10,2,2,3,Apartment,284.00,136.00,Increasing,Typical,True
126.20,261.30,4,2028,30,8.71,Electricity,2,6.18,Split,10,LED,5.43,2,2,3,Apartment,256.00,124.00,Stable,LowerThanUsual,False
144.60,301.80,5,2028,30,10.06,Electricity,2,7.45,Split,11,LED,6.28,2,2,3,Apartment,292.00,140.00,Increasing,Typical,True
132.10,273.50,6,2028,30,9.12,Electricity,2,6.63,Split,10,LED,5.77,2,2,3,Apartment,267.00,129.00,Stable,Typical,False
151.00,315.80,7,2028,30,10.53,Electricity,2,7.85,Split,11,LED,6.43,2,2,3,Apartment,306.00,146.00,Increasing,HigherThanUsual,True
123.70,256.20,8,2028,30,8.54,Electricity,2,6.05,Split,10,LED,5.35,2,2,3,Apartment,251.00,123.00,Stable,LowerThanUsual,False
156.00,335.20,9,2028,30,11.17,Electricity,2,8.35,Split,11,LED,6.70,2,2,3,Apartment,324.00,154.00,Increasing,HigherThanUsual,True
129.90,269.00,10,2028,30,8.97,Electricity,2,6.58,Split,10,LED,5.68,2,2,3,Apartment,263.00,128.00,Stable,Typical,False
139.60,291.20,11,2028,30,9.71,Electricity,2,7.15,Split,11,LED,6.05,2,2,3,Apartment,282.00,135.00,Increasing,Typical,True
125.50,259.80,12,2028,30,8.66,Electricity,2,6.13,Split,10,LED,5.38,2,2,3,Apartment,254.00,123.00,Stable,LowerThanUsual,False
143.40,299.30,1,2029,30,9.98,Electricity,2,7.38,Split,11,LED,6.22,2,2,3,Apartment,290.00,139.00,Increasing,Typical,True
131.40,272.10,2,2029,30,9.07,Electricity,2,6.60,Split,10,LED,5.73,2,2,3,Apartment,266.00,128.00,Stable,Typical,False
150.50,314.20,3,2029,30,10.47,Electricity,2,7.80,Split,11,LED,6.40,2,2,3,Apartment,304.00,145.00,Increasing,HigherThanUsual,True
122.90,254.50,4,2029,30,8.48,Electricity,2,6.00,Split,10,LED,5.30,2,2,3,Apartment,249.00,122.00,Stable,LowerThanUsual,False
157.20,338.90,5,2029,30,11.30,Electricity,2,8.45,Split,11,LED,6.75,2,2,3,Apartment,328.00,156.00,Increasing,HigherThanUsual,True
129.00,267.20,6,2029,30,8.91,Electricity,2,6.53,Split,10,LED,5.63,2,2,3,Apartment,261.00,127.00,Stable,Typical,False
138.50,288.90,7,2029,30,9.63,Electricity,2,7.10,Split,11,LED,6.00,2,2,3,Apartment,280.00,134.00,Increasing,Typical,True
124.80,258.30,8,2029,30,8.61,Electricity,2,6.08,Split,10,LED,5.33,2,2,3,Apartment,253.00,123.00,Stable,LowerThanUsual,False
142.20,296.80,9,2029,30,9.89,Electricity,2,7.30,Split,11,LED,6.18,2,2,3,Apartment,287.00,138.00,Increasing,Typical,True
130.70,270.70,10,2029,30,9.02,Electricity,2,6.55,Split,10,LED,5.68,2,2,3,Apartment,265.00,127.00,Stable,Typical,False
149.70,312.50,11,2029,30,10.42,Electricity,2,7.75,Split,11,LED,6.35,2,2,3,Apartment,302.00,144.00,Increasing,HigherThanUsual,True
121.80,252.30,12,2029,30,8.41,Electricity,2,5.95,Split,10,LED,5.25,2,2,3,Apartment,247.00,121.00,Stable,LowerThanUsual,False
158.50,342.80,1,2030,30,11.43,Electricity,2,8.55,Split,11,LED,6.80,2,2,3,Apartment,332.00,158.00,Increasing,HigherThanUsual,True
128.10,265.40,2,2030,30,8.85,Electricity,2,6.48,Split,10,LED,5.58,2,2,3,Apartment,259.00,126.00,Stable,Typical,False
137.40,286.60,3,2030,30,9.55,Electricity,2,7.05,Split,11,LED,5.95,2,2,3,Apartment,278.00,133.00,Increasing,Typical,True
123.90,256.70,4,2030,30,8.56,Electricity,2,6.03,Split,10,LED,5.28,2,2,3,Apartment,251.00,122.00,Stable,LowerThanUsual,False
140.90,294.30,5,2030,30,9.81,Electricity,2,7.23,Split,11,LED,6.15,2,2,3,Apartment,285.00,137.00,Increasing,Typical,True
130.00,269.30,6,2030,30,8.98,Electricity,2,6.50,Split,10,LED,5.63,2,2,3,Apartment,263.00,126.00,Stable,Typical,False
148.80,310.80,7,2030,30,10.36,Electricity,2,7.70,Split,11,LED,6.30,2,2,3,Apartment,300.00,143.00,Increasing,HigherThanUsual,True
120.60,249.60,8,2030,30,8.32,Electricity,2,5.90,Split,10,LED,5.20,2,2,3,Apartment,245.00,120.00,Stable,LowerThanUsual,False
159.80,346.90,9,2030,30,11.56,Electricity,2,8.65,Split,11,LED,6.85,2,2,3,Apartment,336.00,160.00,Increasing,HigherThanUsual,True
127.20,263.60,10,2030,30,8.79,Electricity,2,6.43,Split,10,LED,5.53,2,2,3,Apartment,257.00,125.00,Stable,Typical,False
136.30,284.30,11,2030,30,9.48,Electricity,2,7.00,Split,11,LED,5.90,2,2,3,Apartment,276.00,132.00,Increasing,Typical,True
123.00,254.90,12,2030,30,8.50,Electricity,2,5.98,Split,10,LED,5.23,2,2,3,Apartment,249.00,121.00,Stable,LowerThanUsual,False